id,group,date,time,subject,teacher,cabinet
1,ИСИП-118,2025-04-14,10:45-12:15,Математика,Гиясов С.А.,304
2,ИСИП-118,2025-04-14,13:00-14:30,Физика,Суровцев Г.И.,204
3,ИСИП-118,2025-04-14,14:40-16:10,Физика,Суровцев Г.И.,СДО
4,ИСИП-118,2025-04-15,09:00-10:30,История,Мелкозерова Н.В.,303
5,ИСИП-118,2025-04-15,10:45-12:15,Математика,Гиясов С.А.,304
6,ИСИП-118,2025-04-15,13:00-14:30,Основы безопасности жизнедеятельности и защиты Родины,Симанских Е.А.,301
7,ИСИП-118,2025-04-16,13:00-14:30,Литература,Родимов П.П.,205
8,ИСИП-118,2025-04-16,14:40-16:10,Физика,Суровцев Г.И.,204
9,ИСИП-118,2025-04-16,16:20-17:50,Физика,Суровцев Г.И.,СДО
10,ИСИП-118,2025-04-17,09:00-10:30,Математика,Гиясов С.А.,304
11,ИСИП-118,2025-04-17,10:45-12:15,Биология,Егорова С.О.,14
12,3211,,3211,3211,3211,3211
13,ИСИП-118,2025-04-18,09:00-10:30,Математика,Гиясов С.А.,304
14,ИСИП-118,2025-04-18,10:45-12:15,География,Майданова Т.В.,212
15,ИСИП-118,2025-04-18,13:00-14:30,Физическая культура,Симанских Е.А.,300
16,ТН-101,2025-04-14,10:45-12:15,Информатика,Кондратенко Л.А.,305
17,ТН-101,2025-04-14,13:00-14:30,Физика,Шимова А.Н.,213
18,ТН-101,2025-04-14,14:40-16:10,Математика,Сидорова А.И.,201
19,ТН-101,2025-04-15,09:00-10:30,Информатика,Кондратенко Л.А.,305
20,ТН-101,2025-04-15,10:45-12:15,Физика,Шимова А.Н.,13
21,ТН-101,2025-04-15,13:00-14:30,История,Мелкозерова Н.В.,303
22,ТН-101,2025-04-15,14:40-16:10,Математика,Сидорова А.И.,201
23,ТН-101,2025-04-16,14:40-16:10,Информатика,Кондратенко Л.А.,305
24,ТН-101,2025-04-16,16:20-17:50,Математика,Сидорова А.И.,201
25,ТН-101,2025-04-17,09:00-10:30,Физическая культура,Симанских Е.А.,300
26,ТН-101,2025-04-17,10:45-12:15,Физика,Шимова А.Н.,13
27,ТН-101,2025-04-17,13:00-14:30,Математика,Сидорова А.И.,201
28,ТН-101,2025-04-17,14:40-16:10,История,Мелкозерова Н.В.,303
29,ТН-101,2025-04-18,09:00-10:30,Литература,Родимов П.П.,205
30,ТН-101,2025-04-18,10:45-12:15,Биология,Егорова С.О.,14
31,Э-114,2025-04-14,09:00-10:30,История,Мелкозерова Н.В.,303
32,Э-114,2025-04-14,10:45-12:15,Право,Соловьева М.А.,212
33,Э-114,2025-04-14,13:00-14:30,Математика,Сидорова А.И.,201
34,Э-114,2025-04-14,14:40-16:10,Физика,Суровцев Г.И.,204
35,Э-114,2025-04-15,09:00-10:30,Математика,Сидорова А.И.,201
36,Э-114,2025-04-15,10:45-12:15,История,Мелкозерова Н.В.,303
37,Э-114,2025-04-15,13:00-14:30,География,Майданова Т.В.,212
38,Э-114,2025-04-16,09:00-10:30,Право,Соловьева М.А.          ЗАЧЕТ,212
39,Э-114,2025-04-16,10:45-12:15,Информатика,Кондратенко Л.А.,305
40,Э-114,2025-04-16,13:00-14:30,Математика,Сидорова А.И.,201
41,Э-114,2025-04-16,14:40-16:10,Литература,Родимов П.П.,205
42,Э-114,2025-04-17,13:00-14:30,Информатика,Кондратенко Л.А.,305
43,Э-114,2025-04-17,14:40-16:10,Математика,Сидорова А.И.,201
44,Э-114,2025-04-18,09:00-10:30,Математика,Сидорова А.И.,201
45,Э-114,2025-04-18,10:45-12:15,Информатика,Кондратенко Л.А.,305
46,Э-114,2025-04-18,13:00-14:30,Физика,Суровцев Г.И.,204
47,Э-114,2025-04-18,14:40-16:10,Физика,Суровцев Г.И.,204
48,ОДЛ-120,2025-04-14,09:00-10:30,Информатика,Кондратенко Л.А.,305
49,ОДЛ-120,2025-04-14,10:45-12:15,Литература,Родимов П.П.,205
50,ОДЛ-120,2025-04-14,13:00-14:30,Литература,Родимов П.П.,205
51,ОДЛ-120,2025-04-14,14:40-16:10,Физика,Шимова А.Н.,213
52,ОДЛ-120,2025-04-15,09:00-10:30,Право,Соловьева М.А.,212
53,ОДЛ-120,2025-04-15,10:45-12:15,Информатика,Кондратенко Л.А.,305
54,ОДЛ-120,2025-04-15,13:00-14:30,Математика,Сидорова А.И.,201
55,ОДЛ-120,2025-04-15,14:40-16:10,География,Майданова Т.В.,212
56,ОДЛ-120,2025-04-16,09:00-10:30,Математика,Сидорова А.И.,201
57,ОДЛ-120,2025-04-16,10:45-12:15,Право,Соловьева М.А.          ЗАЧЕТ,212
58,ОДЛ-120,2025-04-17,10:45-12:15,Информатика,Кондратенко Л.А.,305
59,ОДЛ-120,2025-04-17,13:00-14:30,История,Мелкозерова Н.В.,303
60,ОДЛ-120,2025-04-17,14:40-16:10,Физика,Шимова А.Н.,13
61,ОДЛ-120,2025-04-17,16:20-17:50,Математика,Сидорова А.И.,201
62,ОДЛ-120,2025-04-18,09:00-10:30,Физика,Шимова А.Н.,13
63,ОДЛ-120,2025-04-18,10:45-12:15,Математика,Сидорова А.И.,201
64,ОДЛ-120,2025-04-18,13:00-14:30,Информатика,Кондратенко Л.А.,305
65,ЮР-146,2025-04-14,09:00-10:30,Математика,Сидорова А.И.,201
66,ЮР-146,2025-04-14,10:45-12:15,Физика,Шимова А.Н.,13
67,ЮР-146,2025-04-14,13:00-14:30,История,Мелкозерова Н.В.,303
68,ЮР-146,2025-04-15,09:00-10:30,Обществознание,Ершова М.А.,103
69,ЮР-146,2025-04-15,10:45-12:15,Право,Соловьева М.А.,212
70,ЮР-146,2025-04-15,13:00-14:30,Физика,Шимова А.Н.,13
71,ЮР-146,2025-04-16,09:00-10:30,Информатика,Кондратенко Л.А.,305
72,ЮР-146,2025-04-16,10:45-12:15,Математика,Сидорова А.И.,201
73,ЮР-146,2025-04-16,13:00-14:30,Физика,Шимова А.Н.,13
74,ЮР-146,2025-04-17,09:00-10:30,Математика,Сидорова А.И.,201
75,ЮР-146,2025-04-17,10:45-12:15,История,Мелкозерова Н.В.,303
76,ЮР-146,2025-04-17,13:00-14:30,География,Майданова Т.В.,212
77,ЮР-146,2025-04-17,14:40-16:10,Информатика,Кондратенко Л.А.,305
78,ЮР-146,2025-04-18,10:45-12:15,Литература,Родимов П.П.,205
79,ЮР-146,2025-04-18,13:00-14:30,Литература,Родимов П.П.,205
80,ЮР-146,2025-04-18,14:40-16:10,Математика,Сидорова А.И.,201
81,ПН-101,2025-04-14,09:00-10:30,Право,Соловьева М.А.,212
82,ПН-101,2025-04-14,10:45-12:15,Математика,Сидорова А.И.,201
83,ПН-101,2025-04-14,13:00-14:30,Информатика,Кондратенко Л.А.,305
84,ПН-101,2025-04-14,14:40-16:10,История,Мелкозерова Н.В.,303
85,ПН-101,2025-04-15,09:00-10:30,Физика,Шимова А.Н.,13
86,ПН-101,2025-04-15,10:45-12:15,Математика,Сидорова А.И.,201
87,ПН-101,2025-04-15,13:00-14:30,Информатика,Кондратенко Л.А.,305
88,ПН-101,2025-04-15,14:40-16:10,История,Мелкозерова Н.В.,303
89,ПН-101,2025-04-16,09:00-10:30,Литература,Родимов П.П.,205
90,ПН-101,2025-04-16,10:45-12:15,Литература,Родимов П.П.,205
91,ПН-101,2025-04-16,13:00-14:30,Информатика,Кондратенко Л.А.,305
92,ПН-101,2025-04-16,14:40-16:10,Математика,Сидорова А.И.,201
93,ПН-101,2025-04-17,09:00-10:30,Информатика,Кондратенко Л.А.,305
94,ПН-101,2025-04-17,10:45-12:15,Математика,Сидорова А.И.,201
95,ПН-101,2025-04-17,13:00-14:30,Физика,Шимова А.Н.,13
96,ПН-101,2025-04-18,09:00-10:30,Информатика,Кондратенко Л.А.,305
97,ПН-101,2025-04-18,10:45-12:15,Физика,Шимова А.Н.,13
98,ПН-101,2025-04-18,13:00-14:30,Математика,Сидорова А.И.,201
99,ИСИП-213,2025-04-14,10:45-12:15,Основы философии,Ершова М.А.,103
100,ИСИП-213,2025-04-14,13:00-14:30,Основы философии,Ершова М.А.,103
101,ИСИП-213,2025-04-15,13:00-14:30,Разработка программных модулей,Старцев К.М.,вебинар
102,ИСИП-213,2025-04-15,14:40-16:10,Разработка программных модулей,Старцев К.М.,вебинар
103,ИСИП-213,2025-04-15,16:20-17:50,Разработка программных модулей,Старцев К.М.,вебинар
104,ИСИП-213,2025-04-16,09:00-10:30,Безопасность жизнедеятельности,Симанских Е.А.,300
105,ИСИП-213,2025-04-16,10:45-12:15,Основы философии,"Ершова М.А., ЗАЧЕТ",103
106,ИСИП-213,2025-04-16,13:00-14:30,Физическая культура,Симанских Е.А.,300
107,ИСИП-213,2025-04-16,14:40-16:10,Основы проектироания БД,Рожин А.А.,СДО
108,ИСИП-213,2025-04-17,13:00-14:30,Дискретная математика с элементами математической логики,Суровцев Г.И.,СДО
109,ИСИП-213,2025-04-17,14:40-16:10,Дискретная математика с элементами математической логики,Суровцев Г.И.,204
110,ИСИП-213,2025-04-17,16:20-17:50,Дискретная математика с элементами математической логики,Суровцев Г.И.,204
111,ИСИП-213,2025-04-18,09:00-10:30,Разработка программных модулей,Старцев К.М.,СДО
112,ИСИП-213,2025-04-18,10:45-12:15,Основы проектироания БД,Рожин А.А.,СДО
113,ИСИП-215,2025-04-14,09:00-10:30,Основы философии,"Ершова М.А., ЗАЧЕТ",103
114,ИСИП-215,2025-04-14,13:00-14:30,Разработка программных модулей,Старцев К.М.,вебинар
115,ИСИП-215,2025-04-15,13:00-14:30,Разработка программных модулей,Старцев К.М.,вебинар
116,ИСИП-215,2025-04-15,14:40-16:10,Разработка программных модулей,Старцев К.М.,вебинар
117,ИСИП-215,2025-04-15,16:20-17:50,Разработка программных модулей,Старцев К.М.,вебинар
118,ИСИП-215,2025-04-16,10:45-12:15,Дискретная математика с элементами математической логики,Суровцев Г.И.,СДО
119,ИСИП-215,2025-04-16,13:00-14:30,Основы проектироания БД,Рожин А.А.,СДО
120,ИСИП-215,2025-04-16,14:40-16:10,Безопасность жизнедеятельности,Симанских Е.А.,300
121,ИСИП-215,2025-04-16,16:20-17:50,Физическая культура,Симанских Е.А.,300
122,ИСИП-215,2025-04-17,13:00-14:30,Разработка программных модулей,Старцев К.М.,308
123,ИСИП-215,2025-04-17,14:40-16:10,Разработка программных модулей,Старцев К.М.,308
124,ИСИП-215,2025-04-18,13:00-14:30,Основы проектироания БД,Рожин А.А.,311
125,ИСИП-215,2025-04-18,14:40-16:10,Дискретная математика с элементами математической логики,Суровцев Г.И.,204
126,ИСИП-215,2025-04-18,16:20-17:50,Дискретная математика с элементами математической логики,Суровцев Г.И.,СДО
127,ИСИП-215,2025-04-18,18:00-19:30,Основы проектироания БД,Рожин А.А.,СДО
128,ИСИПу-216,2025-04-14,10:45-12:15,Основы проектироания БД,Рожин А.А.,СДО
129,ИСИПу-216,2025-04-14,13:00-14:30,Основы проектироания БД,Рожин А.А.,СДО
130,ИСИПу-216,2025-04-14,14:40-16:10,Системное программирование,Старцев К.М.,вебинар
131,ИСИПу-216,2025-04-14,16:20-17:50,Системное программирование,Старцев К.М.,вебинар
132,ИСИПу-216,2025-04-15,09:00-10:30,Обеспечение качества функционирования КС,Бушуева Е.В.,вебинар
133,ИСИПу-216,2025-04-15,10:45-12:15,Обеспечение качества функционирования КС,Бушуева Е.В.,вебинар
134,ИСИПу-216,2025-04-15,13:00-14:30,Внедрение и поддержка компьютерных систем,Бушуева Е.В.,вебинар
135,ИСИПу-216,2025-04-15,14:40-16:10,Внедрение и поддержка компьютерных систем,Бушуева Е.В.,вебинар
136,ИСИПу-216,2025-04-16,09:00-10:30,Обеспечение качества функционирования КС,Бушуева Е.В.,вебинар
137,ИСИПу-216,2025-04-16,10:45-12:15,Обеспечение качества функционирования КС,Бушуева Е.В.,вебинар
138,ИСИПу-216,2025-04-16,13:00-14:30,Внедрение и поддержка компьютерных систем,Бушуева Е.В.,вебинар
139,ИСИПу-216,2025-04-16,14:40-16:10,Внедрение и поддержка компьютерных систем,Бушуева Е.В.,вебинар
140,ИСИПу-216,2025-04-17,10:45-12:15,Физическая культура,Симанских Е.А.,300
141,ИСИПу-216,2025-04-17,13:00-14:30,Основы проектироания БД,Рожин А.А.,311
142,ИСИПу-216,2025-04-17,14:40-16:10,Основы проектироания БД,Рожин А.А.,311
143,ИСИПу-216,2025-04-18,10:45-12:15,Основы проектироания БД,Рожин А.А.,СДО
144,ИСИП-306,2025-04-14,10:45-12:15,Основы проектироания БД,Рожин А.А.,СДО
145,ИСИП-306,2025-04-14,13:00-14:30,Основы проектироания БД,Рожин А.А.,СДО
146,ИСИП-306,2025-04-14,14:40-16:10,Системное программирование,Старцев К.М.,вебинар
147,ИСИП-306,2025-04-14,16:20-17:50,Системное программирование,Старцев К.М.,вебинар
148,ИСИП-306,2025-04-15,09:00-10:30,Обеспечение качества функционирования КС,Бушуева Е.В.,вебинар
149,ИСИП-306,2025-04-15,10:45-12:15,Обеспечение качества функционирования КС,Бушуева Е.В.,вебинар
150,ИСИП-306,2025-04-15,13:00-14:30,Внедрение и поддержка компьютерных систем,Бушуева Е.В.,вебинар
151,ИСИП-306,2025-04-15,14:40-16:10,Внедрение и поддержка компьютерных систем,Бушуева Е.В.,вебинар
152,ИСИП-306,2025-04-16,09:00-10:30,Обеспечение качества функционирования КС,Бушуева Е.В.,вебинар
153,ИСИП-306,2025-04-16,10:45-12:15,Обеспечение качества функционирования КС,Бушуева Е.В.,вебинар
154,ИСИП-306,2025-04-16,13:00-14:30,Внедрение и поддержка компьютерных систем,Бушуева Е.В.,вебинар
155,ИСИП-306,2025-04-16,14:40-16:10,Внедрение и поддержка компьютерных систем,Бушуева Е.В.,вебинар
156,ИСИП-306,2025-04-17,09:00-10:30,Системное программирование,Старцев К.М.,308
157,ИСИП-306,2025-04-17,10:45-12:15,Системное программирование,Старцев К.М.,308
158,ИСИП-306,2025-04-18,14:40-16:10,Основы проектироания БД,Рожин А.А.,311
159,ИСИП-306,2025-04-18,16:20-17:50,Системное программирование,Старцев К.М.,308
160,ИСИП-306,2025-04-18,18:00-19:30,Системное программирование,Старцев К.М.,308
161,ИСИП-309,2025-04-14,09:00-10:30,Системное программирование,Старцев К.М.,СДО
162,ИСИП-309,2025-04-14,10:45-12:15,Системное программирование,Старцев К.М.,СДО
163,ИСИП-309,2025-04-14,13:00-14:30,Системное программирование,Старцев К.М.,СДО
164,ИСИП-309,2025-04-15,09:00-10:30,Системное программирование,Старцев К.М.,СДО
165,ИСИП-309,2025-04-15,10:45-12:15,Системное программирование,Старцев К.М.,СДО
166,ИСИП-309,2025-04-15,13:00-14:30,Системное программирование,Старцев К.М.,СДО
167,ИСИП-309,2025-04-16,09:00-10:30,Системное программирование,Старцев К.М.,СДО
168,ИСИП-309,2025-04-16,10:45-12:15,Системное программирование,Старцев К.М.,СДО
169,ИСИП-309,2025-04-16,13:00-14:30,Системное программирование,Старцев К.М.,СДО
170,ИСИП-309,2025-04-17,09:00-10:30,Системное программирование,Старцев К.М.,СДО
171,ИСИП-309,2025-04-17,10:45-12:15,Системное программирование,Старцев К.М.,СДО
172,ИСИП-309,2025-04-17,13:00-14:30,Системное программирование,Старцев К.М.,СДО
173,ИСИП-309,2025-04-18,09:00-10:30,Системное программирование,Старцев К.М.,СДО
174,ИСИП-309,2025-04-18,10:45-12:15,Системное программирование,Старцев К.М.,СДО
175,ИСИП-309,2025-04-18,13:00-14:30,Системное программирование,Старцев К.М.,СДО
176,ИСИП-414(314),2025-04-14,13:00-14:30,Экзамен по ПМ.11,Рожин А.А.,311
177,ИСИП-414(314),2025-04-14,14:40-16:10,Экзамен по ПМ.11,Рожин А.А.,311
178,ИСИП-414(314),2025-04-17,16:20-17:50,Экзамен по ПМ.01,Старцев К.М.,308
179,ИСИП-414(314),2025-04-17,18:00-19:30,Экзамен по ПМ.01,Старцев К.М.,308
180,ИСИП-414(314),2025-04-18,09:00-10:30,Экзамен по ПМ.02,Старцев К.М.,308
181,ИСИП-414(314),2025-04-18,10:45-12:15,Экзамен по ПМ.02,Старцев К.М.,308
182,ИСИП-414(314),2025-04-18,13:00-14:30,Экзамен по ПМ.02,Старцев К.М.,308
183,ИСИП-414(314),2025-04-18,14:40-16:10,Экзамен по ПМ.02,Старцев К.М.,308
184,ИСИП-402,2025-04-14,13:00-14:30,Экзамен по ПМ.11,Рожин А.А.,311
185,ИСИП-402,2025-04-14,14:40-16:10,Экзамен по ПМ.11,Рожин А.А.,311
186,ИСИП-402,2025-04-17,16:20-17:50,Экзамен по ПМ.01,Старцев К.М.,308
187,ИСИП-402,2025-04-17,18:00-19:30,Экзамен по ПМ.01,Старцев К.М.,308
188,ИСИП-402,2025-04-18,09:00-10:30,Экзамен по ПМ.02,Старцев К.М.,308
189,ИСИП-402,2025-04-18,10:45-12:15,Экзамен по ПМ.02,Старцев К.М.,308
190,ИСИП-402,2025-04-18,13:00-14:30,Экзамен по ПМ.02,Старцев К.М.,308
191,ИСИП-402,2025-04-18,14:40-16:10,Экзамен по ПМ.02,Старцев К.М.,308
192,ИСИП-403,2025-04-14,13:00-14:30,Экзамен по ПМ.11,Рожин А.А.,311
193,ИСИП-403,2025-04-14,14:40-16:10,Экзамен по ПМ.11,Рожин А.А.,311
194,ИСИП-403,2025-04-17,13:00-14:30,,,311
195,ИСИП-403,2025-04-17,14:40-16:10,,,311
196,ИСИП-403,2025-04-17,16:20-17:50,Экзамен по ПМ.01,Старцев К.М.,308
197,ИСИП-403,2025-04-17,18:00-19:30,Экзамен по ПМ.01,Старцев К.М.,308
198,ИСИП-403,2025-04-18,09:00-10:30,Экзамен по ПМ.02,Старцев К.М.,308
199,ИСИП-403,2025-04-18,10:45-12:15,Экзамен по ПМ.02,Старцев К.М.,308
200,ИСИП-403,2025-04-18,13:00-14:30,Экзамен по ПМ.02,Старцев К.М.,308
201,ИСИП-403,2025-04-18,14:40-16:10,Экзамен по ПМ.02,Старцев К.М.,308
202,ЗУ-201,2025-04-14,10:45-12:15,Основы экономики организации,Петрова С.Н.,13
203,ЗУ-201,2025-04-14,13:00-14:30,Основы экономики организации,Петрова С.Н.,13
204,ЗУ-201,2025-04-14,14:40-16:10,Иностранный язык,Давыдова Т.Н.,203
205,ЗУ-201,2025-04-14,16:20-17:50,Иностранный язык,Давыдова Т.Н.,203
206,ЗУ-201,2025-04-15,10:45-12:15,Физическая культура,Симанских Е.А.,300
207,ЗУ-201,2025-04-15,13:00-14:30,Выполнение полевых и камеральных работ,Фирсов И.О.,100
208,ЗУ-201,2025-04-15,14:40-16:10,Выполнение полевых и камеральных работ,Фирсов И.О.,100
209,ЗУ-201,2025-04-16,10:45-12:15,Безопасность жизнедеятельности,Симанских Е.А.,300
210,ЗУ-201,2025-04-16,13:00-14:30,Математические методы решения ПЗ,"Гиясов С.А., ЗАЧЕТ",304
211,ЗУ-201,2025-04-16,14:40-16:10,Математические методы решения ПЗ,"Гиясов С.А., ЗАЧЕТ",304
212,ЗУ-201,2025-04-17,10:45-12:15,Иностранный язык,Давыдова Т.Н.,203
213,ЗУ-201,2025-04-17,13:00-14:30,Иностранный язык,Давыдова Т.Н.,203
214,ЗУ-201,2025-04-17,14:40-16:10,Физическая культура,Симанских Е.А.,300
215,ЗУ-201,2025-04-18,10:45-12:15,Физическая культура,Симанских Е.А.,300
216,ЗУ-201,2025-04-18,13:00-14:30,Безопасность жизнедеятельности,Симанских Е.А.,301
217,ЗУ-201,2025-04-18,14:40-16:10,Иностранный язык,Давыдова Т.Н.,203
218,Э-213,2025-04-14,13:00-14:30,Практические основы БУАО,Сергеева Н.И.,309
219,Э-213,2025-04-14,14:40-16:10,Практические основы БУАО,Сергеева Н.И.,309
220,Э-213,2025-04-15,09:00-10:30,Безопасность жизнедеятельности,Симанских Е.А.,301
221,Э-213,2025-04-15,10:45-12:15,Основы философии,Ершова М.А.,103
222,Э-213,2025-04-15,13:00-14:30,Практические основы БУАО,Сергеева Н.И.,309
223,Э-213,2025-04-15,14:40-16:10,Практические основы БУАО,Сергеева Н.И.,309
224,Э-213,2025-04-16,09:00-10:30,Основы философии,Ершова М.А.,103
225,Э-213,2025-04-16,10:45-12:15,Практические основы БУАО,Сергеева Н.И.,309
226,Э-213,2025-04-16,13:00-14:30,Практические основы БУАО,Сергеева Н.И.,309
227,Э-213,2025-04-17,09:00-10:30,Практические основы БУ ИФАО,Пьянкова О.В.,306
228,Э-213,2025-04-17,10:45-12:15,Практические основы БУ ИФАО,Пьянкова О.В.,306
229,Э-213,2025-04-18,09:00-10:30,Практические основы БУ ИФАО,Пьянкова О.В.,306
230,Э-213,2025-04-18,10:45-12:15,Практические основы БУ ИФАО,Пьянкова О.В.,306
231,Э-213,2025-04-18,13:00-14:30,Практические основы БУ ИФАО,Пьянкова О.В.,306
232,Э-213,2025-04-18,14:40-16:10,Физическая культура,Симанских Е.А.,300
233,ОДЛу-116(216),2025-04-14,14:40-16:10,Основы экономики организации,Петрова С.Н.,13
234,ОДЛу-116(216),2025-04-14,16:20-17:50,Производственная логистика,Сергеева Н.И.,309
235,ОДЛу-116(216),2025-04-14,18:00-19:30,Производственная логистика,Сергеева Н.И.,309
236,ОДЛу-116(216),2025-04-15,14:40-16:10,Безопасность жизнедеятельности,Симанских Е.А.,301
237,ОДЛу-116(216),2025-04-15,16:20-17:50,Налоги и налогообложение,Перминова И.М.,213
238,ОДЛу-116(216),2025-04-15,18:00-19:30,Налоги и налогообложение,Перминова И.М.,213
239,ОДЛу-116(216),2025-04-16,14:40-16:10,Информационное обеспечение ЛП,Сергеева Н.И.,309
240,ОДЛу-116(216),2025-04-16,16:20-17:50,Информационное обеспечение ЛП,Сергеева Н.И.,309
241,ОДЛу-116(216),2025-04-16,18:00-19:30,Производственная логистика,Сергеева Н.И.,309
242,ОДЛу-116(216),2025-04-17,09:00-10:30,Производственная логистика,Сергеева Н.И.,309
243,ОДЛу-116(216),2025-04-17,10:45-12:15,Производственная логистика,Сергеева Н.И.,309
244,ОДЛу-116(216),2025-04-17,13:00-14:30,Информационное обеспечение ЛП,Сергеева Н.И.,309
245,ОДЛу-116(216),2025-04-17,14:40-16:10,Информационное обеспечение ЛП,Сергеева Н.И.,309
246,ОДЛу-116(216),2025-04-18,09:00-10:30,Распределительная логистика,Зырянова М.В.,213
247,ОДЛу-116(216),2025-04-18,10:45-12:15,Распределительная логистика,Зырянова М.В.,213
248,ОДЛу-116(216),2025-04-18,13:00-14:30,Иностранный язык,Давыдова Т.Н.,203
249,ОДЛу-119(219),2025-04-14,14:40-16:10,Основы экономики организации,Петрова С.Н.,13
250,ОДЛу-119(219),2025-04-14,16:20-17:50,Производственная логистика,Сергеева Н.И.,309
251,ОДЛу-119(219),2025-04-14,18:00-19:30,Производственная логистика,Сергеева Н.И.,309
252,ОДЛу-119(219),2025-04-15,14:40-16:10,Безопасность жизнедеятельности,Симанских Е.А.,301
253,ОДЛу-119(219),2025-04-15,16:20-17:50,Налоги и налогообложение,Перминова И.М.,213
254,ОДЛу-119(219),2025-04-15,18:00-19:30,Налоги и налогообложение,Перминова И.М.,213
255,ОДЛу-119(219),2025-04-16,14:40-16:10,Информационное обеспечение ЛП,Сергеева Н.И.,309
256,ОДЛу-119(219),2025-04-16,16:20-17:50,Информационное обеспечение ЛП,Сергеева Н.И.,309
257,ОДЛу-119(219),2025-04-16,18:00-19:30,Производственная логистика,Сергеева Н.И.,309
258,ОДЛу-119(219),2025-04-17,09:00-10:30,Производственная логистика,Сергеева Н.И.,309
259,ОДЛу-119(219),2025-04-17,10:45-12:15,Производственная логистика,Сергеева Н.И.,309
260,ОДЛу-119(219),2025-04-17,13:00-14:30,Информационное обеспечение ЛП,Сергеева Н.И.,309
261,ОДЛу-119(219),2025-04-17,14:40-16:10,Информационное обеспечение ЛП,Сергеева Н.И.,309
262,ОДЛу-119(219),2025-04-18,09:00-10:30,Распределительная логистика,Зырянова М.В.,213
263,ОДЛу-119(219),2025-04-18,10:45-12:15,Распределительная логистика,Зырянова М.В.,213
264,ОДЛу-119(219),2025-04-18,13:00-14:30,Иностранный язык,Давыдова Т.Н.,203
265,ОДЛ-313(213),2025-04-15,16:20-17:50,Консультация перед экзаменом по ПМ.03,Сергеева Н.И.,309
266,ОДЛ-313(213),2025-04-15,18:00-19:30,Консультация перед экзаменом по ПМ.04,Сергеева Н.И.,309
267,ОДЛ-313(213),2025-04-16,14:40-16:10,Экзамен по ПМ.03,Сергеева Н.И.,306
268,ОДЛ-313(213),2025-04-16,16:20-17:50,Экзамен по ПМ.03,Сергеева Н.И.,306
269,ОДЛ-313(213),2025-04-16,18:00-19:30,Экзамен по ПМ.03,Сергеева Н.И.,306
270,ОДЛ-313(213),2025-04-17,13:00-14:30,Экзамен по ПМ.04,Сергеева Н.И.,306
271,ОДЛ-313(213),2025-04-17,14:40-16:10,Экзамен по ПМ.04,Сергеева Н.И.,306
272,ОДЛ-313(213),2025-04-17,16:20-17:50,Экзамен по ПМ.04,Сергеева Н.И.,306
273,ПСОу-145(245),2025-04-14,14:40-16:10,Уголовное право,Васькина И.В.,23
274,ПСОу-145(245),2025-04-14,16:20-17:50,Основы бережливого производства,Щепеткина И.В.,23
275,ПСОу-145(245),2025-04-14,18:00-19:30,Основы бережливого производства,Щепеткина И.В.,23
276,ПСОу-145(245),2025-04-15,16:20-17:50,Основы бережливого производства,"Щепеткина И.В., ЗАЧЕТ",23
277,ПСОу-145(245),2025-04-15,18:00-19:30,Основы бережливого производства,"Щепеткина И.В., ЗАЧЕТ",23
278,ПСОу-145(245),2025-04-16,09:00-10:30,Иностранный язык,Давыдова Т.Н.,203
279,ПСОу-145(245),2025-04-16,10:45-12:15,Судоустройство и правоохранительные органы,Шестаков А.С.,23
280,ПСОу-145(245),2025-04-16,13:00-14:30,Гражданский процесс,Шестаков А.С.,23
281,ПСОу-145(245),2025-04-16,14:40-16:10,Административный процесс,Шестаков А.С.,23
282,ПСОу-145(245),2025-04-17,09:00-10:30,Административный процесс,Шестаков А.С.,103
283,ПСОу-145(245),2025-04-17,10:45-12:15,Административный процесс,Шестаков А.С.,103
284,ПСОу-145(245),2025-04-17,13:00-14:30,Уголовное право,Васькина И.В.,103
285,ПСОу-145(245),2025-04-17,14:40-16:10,Иностранный язык,Давыдова Т.Н.,203
286,ПСОу-145(245),2025-04-18,09:00-10:30,Судоустройство и правоохранительные органы,Шестаков А.С.,23
287,ПСОу-145(245),2025-04-18,10:45-12:15,Судоустройство и правоохранительные органы,Шестаков А.С.,23
288,ПСОу-145(245),2025-04-18,13:00-14:30,Гражданский процесс,Шестаков А.С.,23
289,ПСОу-145(245),2025-04-18,14:40-16:10,Административный процесс,Шестаков А.С.,23
290,ПСА-201,2025-04-14,14:40-16:10,Уголовное право,Васькина И.В.,23
291,ПСА-201,2025-04-14,16:20-17:50,Основы бережливого производства,Щепеткина И.В.,23
292,ПСА-201,2025-04-14,18:00-19:30,Основы бережливого производства,Щепеткина И.В.,23
293,ПСА-201,2025-04-15,16:20-17:50,Основы бережливого производства,"Щепеткина И.В., ЗАЧЕТ",23
294,ПСА-201,2025-04-15,18:00-19:30,Основы бережливого производства,"Щепеткина И.В., ЗАЧЕТ",23
295,ПСА-201,2025-04-16,09:00-10:30,Иностранный язык,Давыдова Т.Н.,203
296,ПСА-201,2025-04-16,10:45-12:15,Судоустройство и правоохранительные органы,Шестаков А.С.,23
297,ПСА-201,2025-04-16,13:00-14:30,Гражданский процесс,Шестаков А.С.,23
298,ПСА-201,2025-04-16,14:40-16:10,Административный процесс,Шестаков А.С.,23
299,ПСА-201,2025-04-17,09:00-10:30,Административный процесс,Шестаков А.С.,103
300,ПСА-201,2025-04-17,10:45-12:15,Административный процесс,Шестаков А.С.,103
301,ПСА-201,2025-04-17,13:00-14:30,Уголовное право,Васькина И.В.,103
302,ПСА-201,2025-04-17,14:40-16:10,Иностранный язык,Давыдова Т.Н.,203
303,ПСА-201,2025-04-18,09:00-10:30,Судоустройство и правоохранительные органы,Шестаков А.С.,23
304,ПСА-201,2025-04-18,10:45-12:15,Судоустройство и правоохранительные органы,Шестаков А.С.,23
305,ПСА-201,2025-04-18,13:00-14:30,Гражданский процесс,Шестаков А.С.,23
306,ПСА-201,2025-04-18,14:40-16:10,Административный процесс,Шестаков А.С.,23
307,ПСО-328(238),2025-04-17,09:00-10:30,Защита отчетов по практике,Щепеткина И.В.,23
308,ПСО-328(238),2025-04-17,10:45-12:15,Защита отчетов по практике,Щепеткина И.В.,23
309,ПСО-328(238),2025-04-17,13:00-14:30,Консультация по дипломированию,"Щепеткина И.В., Шестаков А.С.",23
310,ПСО-328(238),2025-04-17,14:40-16:10,Консультация по преддипломной практике,"Щепеткина И.В., Шестаков А.С.",23
311,ПСО-339(239),2025-04-17,13:00-14:30,Консультация по дипломированию,"Щепеткина И.В., Шестаков А.С.",23
312,ПСО-339(239),2025-04-17,14:40-16:10,Консультация по преддипломной практике,"Щепеткина И.В., Шестаков А.С.",23
313,ПСО-339(239),2025-04-17,16:20-17:50,Защита отчетов по практике,Щепеткина И.В.,23
314,ПСО-339(239),2025-04-17,18:00-19:30,Защита отчетов по практике,Щепеткина И.В.,23
315,123,,123,123,123,123
